date,machine_id,assembly_line_no,Hydraulic_Pressure_bar,Coolant_Pressure_bar,Air_System_Pressure_bar,Coolant_Temperature,Hydraulic_Oil_Temperature,Spindle_Bearing_Temperature,Spindle_Vibration,Tool_Vibration,Spindle_Speed_RPM,Voltage_volts,Torque_Nm,Cutting_kN
2025-01-01,Makino-L2-Unit1-2015,Shopfloor-L2,86.374124,5.857667,7.497522,17.49,41.41,38.692,0.4711,13.7273,15242.0,314.0,22.37374139,1.66
2025-01-01,Makino-L1-Unit1-2015,Shopfloor-L1,115.474622,4.905327,6.832546,5.11,47.69,33.0455,1.5643,23.1194,19515.0,245.0,24.99501001,1.66
2025-01-01,Makino-L2-Unit1-2015,Shopfloor-L2,99.18808,5.668462,5.617024,11.62,47.31,32.1089,0.8632,34.0701,28894.0,301.0,23.45487407,2.83
2025-01-01,Makino-L2-Unit1-2015,Shopfloor-L2,83.850017,4.139924,6.51569,2.2,48.96,36.9957,0.2804,33.3734,22202.0,381.0,21.64893542,1.8
2025-01-01,Makino-L3-Unit1-2015,Shopfloor-L3,112.904712,6.202384,6.20359,6.11,40.49,41.4183,0.4961,38.066,28054.0,250.0,21.52045372,1.98
2025-01-01,Makino-L3-Unit1-2015,Shopfloor-L3,93.182588,6.325654,6.179657,8.32,55.91,36.5215,1.2545,15.4643,20558.0,355.0,21.75114732,1.92
2025-01-01,Makino-L1-Unit1-2015,Shopfloor-L1,86.519043,4.715933,6.869655,22.64,48.19,31.6101,0.515,25.1017,21652.0,359.0,20.81622646,1.81
2025-01-01,Makino-L1-Unit1-2015,Shopfloor-L1,139.630363,4.732861,6.78401,22.82,47.77,41.201,1.2179,20.943,18299.0,345.0,21.50194262,2.26
2025-01-01,Makino-L1-Unit1-2015,Shopfloor-L1,112.498192,4.974943,6.404509,7.37,49.6,28.7791,0.5009,23.8258,16593.0,294.0,27.61138593,1.8
2025-01-01,Makino-L1-Unit1-2015,Shopfloor-L1,96.805872,5.185315,6.617883,19.94,47.51,38.248,0.6865,36.3043,25238.0,349.0,21.77744282,1.85
2025-01-01,Makino-L3-Unit1-2015,Shopfloor-L3,98.930613,6.310806,6.521254,3.72,42.03,41.01,0.811,30.9075,23354.0,277.0,19.72103551,3.04
2025-01-01,Makino-L1-Unit1-2015,Shopfloor-L1,101.223616,6.071048,7.225407,27.06,50.29,25.6345,0.4272,36.5013,17709.0,211.0,30.79924727,2.05
2025-01-01,Makino-L3-Unit1-2015,Shopfloor-L3,92.42398,5.41967,6.234909,20.82,48.32,29.706,0.4898,22.6198,16581.0,295.0,18.09006705,1.66
2025-01-01,Makino-L3-Unit1-2015,Shopfloor-L3,66.913599,4.200514,6.184388,21.35,49.79,38.8169,0.6299,13.4935,22010.0,346.0,19.6527488,1.91
2025-01-01,Makino-L3-Unit1-2015,Shopfloor-L3,71.227868,4.586468,7.06128,14.56,42.03,27.9432,0.4346,4.5284,21724.0,192.0,22.24053653,1.92
2025-01-01,Makino-L3-Unit1-2015,Shopfloor-L3,93.835798,5.435248,5.8164,1.29,51.03,41.4562,0.8154,28.4522,15439.0,242.0,19.56388068,2.16
2025-01-01,Makino-L2-Unit1-2015,Shopfloor-L2,71.161517,4.623392,6.881715,23.28,49.16,39.9326,0.912,22.7284,16165.0,367.0,20.71724656,1.99
2025-01-01,Makino-L3-Unit1-2015,Shopfloor-L3,109.699393,4.384731,6.913041,5.7,49.95,35.1869,1.6549,32.8632,18517.0,431.0,21.37746884,2.49
2025-01-01,Makino-L3-Unit1-2015,Shopfloor-L3,76.290279,5.01603,6.595934,12.02,47.4,39.7857,1.2913,25.1468,18616.0,262.0,17.12687011,3.25
2025-01-01,Makino-L2-Unit1-2015,Shopfloor-L2,85.807759,6.583277,6.420195,19.91,47.8,34.8804,0.7344,32.1444,16896.0,368.0,34.44807942,2.36
2025-01-01,Makino-L2-Unit1-2015,Shopfloor-L2,112.823675,6.260129,5.877315,22.83,47.43,28.279,0.6969,20.3017,12536.0,292.0,30.88929844,3.06
2025-01-01,Makino-L3-Unit1-2015,Shopfloor-L3,164.947534,4.830824,6.407422,11.46,49.01,32.321,0.8081,16.7749,22522.0,290.0,23.59549827,2.12
2025-01-01,Makino-L1-Unit1-2015,Shopfloor-L1,135.941674,3.069948,6.854337,6.45,44.19,31.0937,0.9696,25.2394,23021.0,336.0,32.10518368,3.62
2025-01-01,Makino-L3-Unit1-2015,Shopfloor-L3,86.691945,5.788445,6.586743,8.0,45.58,35.0206,0.8411,28.8733,15905.0,293.0,17.38031166,1.66
2025-01-01,Makino-L3-Unit1-2015,Shopfloor-L3,89.266369,5.5139,6.865129,32.02,46.66,43.4308,0.8372,22.6008,17796.0,382.0,22.20225777,2.36
2025-01-01,Makino-L3-Unit1-2015,Shopfloor-L3,135.644217,4.8962,7.096706,19.05,52.46,35.7939,1.087,27.8909,18402.0,259.0,16.8878949,3.32
2025-01-01,Makino-L3-Unit1-2015,Shopfloor-L3,85.308349,5.095129,5.640821,24.23,50.92,43.6604,1.1442,21.9124,18521.0,446.0,21.93341031,3.58
2025-01-01,Makino-L2-Unit1-2015,Shopfloor-L2,89.583976,5.468529,6.406134,5.37,48.58,24.491,0.454,21.5439,17939.0,268.0,34.01951136,2.93
2025-01-01,Makino-L2-Unit1-2015,Shopfloor-L2,109.69807,2.76444,6.690278,16.07,48.28,29.4648,1.0495,27.8706,15367.0,338.0,37.39533953,2.37
2025-01-01,Makino-L3-Unit1-2015,Shopfloor-L3,103.883668,5.383327,6.28932,25.37,44.41,38.127,0.5546,34.9253,19410.0,447.0,25.6985562,2.07
2025-01-01,Makino-L3-Unit1-2015,Shopfloor-L3,199.540904,5.118264,6.347139,18.08,45.42,39.6804,0.3758,32.8241,26097.0,353.0,25.93067986,1.81
2025-01-01,Makino-L1-Unit1-2015,Shopfloor-L1,82.390189,5.176308,6.288706,7.81,46.22,32.04,0.5842,25.131,20561.0,310.0,20.96036589,1.82
2025-01-01,Makino-L2-Unit1-2015,Shopfloor-L2,154.32185,5.79266,6.601498,27.05,51.73,38.7036,0.6162,20.1435,22587.0,298.0,17.29025687,1.67
2025-01-01,Makino-L2-Unit1-2015,Shopfloor-L2,151.924082,5.729384,7.03285,5.84,52.89,25.8568,0.292,25.6583,22759.0,336.0,19.85162011,1.88
2025-01-01,Makino-L1-Unit1-2015,Shopfloor-L1,80.297228,3.363426,7.205815,13.79,47.47,33.1399,1.08,32.2307,18748.0,364.0,23.96787479,1.97
2025-01-01,Makino-L1-Unit1-2015,Shopfloor-L1,103.227865,5.029355,7.432396,12.68,43.15,32.5127,0.6868,37.7358,15911.0,351.0,12.75557683,1.68
2025-01-01,Makino-L3-Unit1-2015,Shopfloor-L3,103.741629,4.435376,6.904178,21.3,48.72,39.8476,1.3524,31.3095,22893.0,307.0,21.17719186,3.02
2025-01-01,Makino-L3-Unit1-2015,Shopfloor-L3,92.690745,4.957473,6.681821,26.99,54.63,32.3512,0.0643,19.2417,22789.0,315.0,22.25175525,3.2
2025-01-01,Makino-L1-Unit1-2015,Shopfloor-L1,191.840142,5.616332,7.575253,8.19,39.53,34.4445,1.8087,16.1533,19299.0,463.0,22.64600987,3.47
2025-01-01,Makino-L2-Unit1-2015,Shopfloor-L2,171.52656,5.94206,7.054857,6.87,47.17,35.3731,0.4585,24.9305,13313.0,246.0,20.89620715,2.0
2025-01-01,Makino-L2-Unit1-2015,Shopfloor-L2,73.284312,5.929048,7.33426,24.42,43.79,35.2084,0.0872,27.4515,17715.0,403.0,19.49666999,3.48
2025-01-01,Makino-L2-Unit1-2015,Shopfloor-L2,150.51337,7.373111,6.422652,24.97,51.18,41.4679,1.158,25.9972,21325.0,418.0,17.28499847,2.03
2025-01-01,Makino-L1-Unit1-2015,Shopfloor-L1,70.529472,5.610028,7.130382,6.69,48.46,33.1238,1.0704,30.6463,12588.0,400.0,26.85248663,1.85
2025-01-01,Makino-L3-Unit1-2015,Shopfloor-L3,93.643997,5.338436,7.165949,26.01,48.45,35.9537,1.0441,18.5006,20400.0,234.0,19.81970071,2.83
2025-01-01,Makino-L3-Unit1-2015,Shopfloor-L3,84.067206,6.07077,6.58356,3.03,43.63,37.0272,1.4495,40.861,18986.0,283.0,19.66657686,3.07
2025-01-01,Makino-L1-Unit1-2015,Shopfloor-L1,129.875278,7.125204,5.709914,22.41,47.45,34.1869,0.281,12.7337,18248.0,304.0,17.65273609,1.92
2025-01-01,Makino-L2-Unit1-2015,Shopfloor-L2,51.688218,3.501993,5.938044,3.93,49.21,40.0581,1.0302,40.4179,21660.0,347.0,19.48564462,2.1
2025-01-01,Makino-L3-Unit1-2015,Shopfloor-L3,84.628706,5.465843,6.654717,8.28,40.81,41.7924,1.0273,26.8338,22891.0,287.0,30.47719291,1.86
2025-01-01,Makino-L1-Unit1-2015,Shopfloor-L1,185.34099,5.498178,6.870367,3.18,47.45,37.72,1.0538,20.9531,21019.0,265.0,21.45040387,1.95
2025-01-01,Makino-L1-Unit1-2015,Shopfloor-L1,85.44741,5.25576,6.823549,21.5,47.29,38.7319,-0.1845,18.2145,21025.0,316.0,21.90145982,1.97
2025-01-01,Makino-L3-Unit1-2015,Shopfloor-L3,169.735929,5.657361,7.221339,18.11,50.45,34.4077,1.048,26.3175,14680.0,345.0,25.28813775,1.86
2025-01-01,Makino-L3-Unit1-2015,Shopfloor-L3,92.004933,4.395835,6.472785,5.36,49.05,37.1796,1.1474,25.0819,21537.0,342.0,25.69842862,3.84
2025-01-01,Makino-L2-Unit1-2015,Shopfloor-L2,67.028488,6.518064,6.873726,12.49,44.95,39.6465,0.7542,10.7227,19827.0,380.0,17.48827779,2.02
2025-01-01,Makino-L3-Unit1-2015,Shopfloor-L3,61.120308,4.792855,6.544125,3.82,53.49,28.8202,0.6389,40.3882,16029.0,330.0,20.18500334,1.96
2025-01-01,Makino-L3-Unit1-2015,Shopfloor-L3,174.960595,4.27952,5.727978,23.29,45.23,48.8926,1.7308,37.6765,23098.0,362.0,20.41216961,2.17
2025-01-01,Makino-L3-Unit1-2015,Shopfloor-L3,86.413237,4.530368,6.721789,20.34,46.47,43.4752,0.9187,7.2608,22030.0,382.0,21.27002338,1.85
2025-01-01,Makino-L1-Unit1-2015,Shopfloor-L1,62.753545,3.941397,5.642002,4.6,55.26,29.905,0.1288,28.5169,21647.0,430.0,20.91065699,1.92
2025-01-01,Makino-L2-Unit1-2015,Shopfloor-L2,86.927125,5.051595,6.720159,7.25,44.73,31.508,0.284,22.688,18320.0,276.0,28.51089484,1.76
2025-01-01,Makino-L3-Unit1-2015,Shopfloor-L3,127.895814,6.591981,6.945835,14.76,36.03,40.1546,0.5649,26.1235,21325.0,258.0,22.18037875,1.73
2025-01-01,Makino-L2-Unit1-2015,Shopfloor-L2,78.883379,5.440799,7.092578,6.6,49.77,29.5314,1.4331,11.6062,21918.0,284.0,18.82818098,1.79
2025-01-01,Makino-L1-Unit1-2015,Shopfloor-L1,115.389413,4.964823,6.806153,17.46,42.54,35.5974,0.7252,10.2585,14418.0,346.0,23.49650047,1.89
2025-01-01,Makino-L1-Unit1-2015,Shopfloor-L1,91.277911,4.607469,6.931224,1.88,48.18,34.0249,0.562,20.2188,24309.0,217.0,31.68218858,1.97
2025-01-01,Makino-L3-Unit1-2015,Shopfloor-L3,123.084594,4.739874,7.476129,13.09,47.4,33.8019,0.528,24.2675,21580.0,283.0,21.34628061,1.72
2025-01-01,Makino-L1-Unit1-2015,Shopfloor-L1,183.084319,5.226651,7.26816,15.66,40.79,33.7792,1.1104,28.8041,24275.0,356.0,21.01375872,3.18
2025-01-01,Makino-L1-Unit1-2015,Shopfloor-L1,79.287506,5.085236,6.436971,23.87,47.18,37.8167,0.5834,27.2296,17246.0,274.0,23.14283689,2.64
2025-01-01,Makino-L1-Unit1-2015,Shopfloor-L1,106.182636,4.906189,7.362138,4.2,51.71,29.6821,0.8872,32.3508,17849.0,270.0,25.41756023,1.87
2025-01-01,Makino-L2-Unit1-2015,Shopfloor-L2,93.452766,5.474741,6.890119,7.82,47.16,39.1751,0.6646,23.9682,14771.0,274.0,33.09980636,3.35
2025-01-01,Makino-L3-Unit1-2015,Shopfloor-L3,203.096085,4.850676,6.21576,19.18,48.31,28.0062,0.8535,23.2572,25420.0,232.0,25.51688783,1.93
2025-01-01,Makino-L2-Unit1-2015,Shopfloor-L2,168.841088,4.948837,6.310594,8.53,52.65,32.2455,0.7504,23.9154,16122.0,324.0,21.89396705,3.37
2025-01-01,Makino-L2-Unit1-2015,Shopfloor-L2,104.868558,6.17433,6.124184,16.83,47.19,36.3164,0.0418,17.2549,20941.0,390.0,18.87427384,1.9
2025-01-01,Makino-L3-Unit1-2015,Shopfloor-L3,88.563186,5.275149,6.583564,14.73,42.67,36.1338,0.5082,34.1626,17286.0,301.0,16.45815615,1.93
2025-01-01,Makino-L1-Unit1-2015,Shopfloor-L1,71.443027,4.923774,7.075072,24.59,38.74,28.5187,0.7813,24.3053,12872.0,350.0,34.16676607,1.78
2025-01-01,Makino-L2-Unit1-2015,Shopfloor-L2,159.961039,4.899671,8.087979,25.12,54.54,37.7157,0.7363,29.8575,17831.0,383.0,21.28237562,1.81
2025-01-01,Makino-L3-Unit1-2015,Shopfloor-L3,97.064521,5.215514,6.916233,1.5,43.49,36.7101,1.3236,14.6057,20456.0,311.0,20.90438166,3.42
2025-01-01,Makino-L3-Unit1-2015,Shopfloor-L3,81.208146,3.477504,7.080716,4.37,44.95,29.9108,0.6865,14.2289,15888.0,193.0,20.50073773,3.5
2025-01-01,Makino-L1-Unit1-2015,Shopfloor-L1,111.16457,6.635333,5.329483,7.01,50.35,31.6937,0.5615,21.8301,17011.0,229.0,22.24813749,1.86
2025-01-01,Makino-L2-Unit1-2015,Shopfloor-L2,140.787905,4.736938,5.86488,6.5,44.45,32.28,0.5837,24.706,20371.0,356.0,22.71897169,2.44
2025-01-01,Makino-L1-Unit1-2015,Shopfloor-L1,78.25372,4.232534,6.754269,11.91,53.79,40.1974,0.7542,16.5597,12901.0,416.0,18.97089139,3.06
2025-01-01,Makino-L1-Unit1-2015,Shopfloor-L1,181.637373,3.807349,6.324435,1.6,45.15,38.9455,0.7788,30.6168,22555.0,453.0,36.34901084,3.44
2025-01-01,Makino-L3-Unit1-2015,Shopfloor-L3,209.541208,5.064799,6.483399,9.19,45.55,32.2739,-0.234,23.187,20047.0,212.0,19.3701699,2.65
2025-01-01,Makino-L3-Unit1-2015,Shopfloor-L3,131.278849,4.989709,6.52564,2.06,46.52,34.4455,0.8126,19.9599,23077.0,263.0,19.69358028,1.98
2025-01-01,Makino-L1-Unit1-2015,Shopfloor-L1,51.032202,5.034349,6.772152,36.11,49.84,31.3127,1.8518,26.453,21311.0,461.0,22.62003805,1.76
2025-01-01,Makino-L2-Unit1-2015,Shopfloor-L2,159.552219,5.18757,6.279526,4.94,46.85,28.929,1.8155,27.1893,17346.0,322.0,19.85243193,2.21
2025-01-01,Makino-L3-Unit1-2015,Shopfloor-L3,95.259251,6.377959,5.778322,0.82,47.35,35.2769,-0.1855,12.606,21855.0,314.0,20.25562261,3.4
2025-01-01,Makino-L3-Unit1-2015,Shopfloor-L3,93.44475,5.17403,7.082647,29.37,50.74,33.4894,0.8297,35.3733,16375.0,384.0,21.17314924,2.96
2025-01-01,Makino-L3-Unit1-2015,Shopfloor-L3,67.842452,5.464691,7.478696,18.83,51.05,33.6453,0.4872,23.4191,18904.0,292.0,33.19642858,2.18
2025-01-01,Makino-L2-Unit1-2015,Shopfloor-L2,111.777209,6.250997,6.549799,6.03,45.38,36.4599,1.4187,17.365,18184.0,282.0,20.6951391,1.91
2025-01-01,Makino-L2-Unit1-2015,Shopfloor-L2,66.212848,5.503414,6.945654,12.79,47.52,37.7954,1.2694,29.121,18503.0,331.0,19.98727176,2.12
2025-01-01,Makino-L1-Unit1-2015,Shopfloor-L1,88.836798,5.489438,7.354231,14.28,50.68,39.7857,-0.1896,23.1265,20950.0,298.0,25.5197624,1.62
2025-01-01,Makino-L1-Unit1-2015,Shopfloor-L1,135.495352,5.620961,6.709408,12.65,44.0,35.5165,1.0177,23.391,18569.0,360.0,35.61425532,1.69
2025-01-01,Makino-L1-Unit1-2015,Shopfloor-L1,88.038738,5.211641,6.850433,-0.7,44.37,33.5795,1.1526,28.4247,22492.0,291.0,18.75330567,2.06
2025-01-01,Makino-L1-Unit1-2015,Shopfloor-L1,109.38888,5.07327,7.320952,24.73,50.34,26.0492,0.3607,35.5606,19120.0,314.0,14.66522,1.81
2025-01-01,Makino-L2-Unit1-2015,Shopfloor-L2,119.455163,6.307248,6.104398,21.05,44.6,22.2983,1.3557,21.8766,19373.0,302.0,32.71212884,2.46
2025-01-01,Makino-L2-Unit1-2015,Shopfloor-L2,132.726755,5.933418,6.256818,5.88,51.9,29.8691,0.8355,24.6175,22266.0,291.0,27.56777621,1.91
2025-01-01,Makino-L2-Unit1-2015,Shopfloor-L2,96.9316,5.005013,7.056514,5.91,50.88,35.8021,0.7039,15.0688,17913.0,274.0,20.24141803,3.71
2025-01-01,Makino-L3-Unit1-2015,Shopfloor-L3,89.911687,4.612827,6.665064,17.49,44.13,32.5817,0.7698,16.0378,20431.0,293.0,20.46616178,1.68
2025-01-01,Makino-L2-Unit1-2015,Shopfloor-L2,93.974499,5.223584,6.307634,23.2,37.96,40.6349,1.1582,29.2577,19236.0,351.0,24.92261748,1.85
2025-01-01,Makino-L2-Unit1-2015,Shopfloor-L2,74.765826,5.412418,6.738072,2.96,49.77,30.5773,0.5737,28.2978,16850.0,326.0,22.04612319,2.04
2025-01-01,Makino-L3-Unit1-2015,Shopfloor-L3,158.720679,6.340769,5.870358,16.0,47.45,38.4608,0.2653,32.6323,23306.0,322.0,21.485048,1.82
2025-01-01,Makino-L1-Unit1-2015,Shopfloor-L1,96.106227,4.674621,6.779685,11.5,41.91,33.113,0.4548,38.7622,21981.0,375.0,27.06999681,1.87
2025-01-02,Makino-L2-Unit1-2015,Shopfloor-L2,150.296583,4.065111,5.856694,3.83,45.3,32.1806,0.7117,22.8464,17287.0,365.0,22.76996772,1.89
2025-01-02,Makino-L2-Unit1-2015,Shopfloor-L2,101.470775,4.235002,7.321069,15.49,51.25,32.1831,0.6953,31.9186,20691.0,344.0,25.52849107,1.97
2025-01-02,Makino-L3-Unit1-2015,Shopfloor-L3,154.793499,6.240753,6.118239,3.7,51.11,31.3224,0.6393,22.0562,13998.0,320.0,20.51689416,2.59
2025-01-02,Makino-L1-Unit1-2015,Shopfloor-L1,65.25901,5.328994,6.863933,23.66,44.89,36.2344,1.0624,25.3914,13578.0,281.0,17.52387322,1.97
2025-01-02,Makino-L3-Unit1-2015,Shopfloor-L3,86.261506,4.477265,6.345612,12.76,48.7,36.8242,0.147,29.2277,17737.0,332.0,20.60168737,1.92
2025-01-02,Makino-L3-Unit1-2015,Shopfloor-L3,82.807028,5.066029,7.520776,21.42,47.87,30.5841,0.569,28.2732,19468.0,322.0,34.16318615,1.79
2025-01-02,Makino-L1-Unit1-2015,Shopfloor-L1,87.016535,4.416601,6.421218,22.08,46.52,34.8492,0.8264,19.1074,15251.0,391.0,34.87859138,1.7
2025-01-02,Makino-L2-Unit1-2015,Shopfloor-L2,83.315598,5.601592,7.455007,1.0,49.28,39.125,0.6483,25.4508,13806.0,362.0,19.37405709,1.86
2025-01-02,Makino-L2-Unit1-2015,Shopfloor-L2,152.438908,5.164538,6.630059,12.13,48.19,39.7754,0.6509,27.2963,20408.0,287.0,20.24253463,2.9
2025-01-02,Makino-L2-Unit1-2015,Shopfloor-L2,120.564834,3.188137,6.517258,20.58,51.57,35.9917,0.7324,37.1741,26128.0,319.0,21.11642675,3.18
2025-01-02,Makino-L3-Unit1-2015,Shopfloor-L3,87.844212,6.223528,6.678091,5.65,50.32,32.6041,0.4595,23.4477,18282.0,218.0,20.12458932,2.09
2025-01-02,Makino-L3-Unit1-2015,Shopfloor-L3,172.904779,3.259368,6.607375,11.88,43.25,31.7915,0.8879,33.2512,26176.0,312.0,34.77329584,1.95
2025-01-02,Makino-L2-Unit1-2015,Shopfloor-L2,78.111845,2.775385,7.231063,26.39,53.03,34.2172,0.0695,26.6543,12390.0,442.0,23.24948567,1.99
2025-01-02,Makino-L2-Unit1-2015,Shopfloor-L2,120.382133,5.018579,6.239343,28.33,48.84,31.8185,1.0533,23.0282,26011.0,411.0,28.56283094,1.9
2025-01-02,Makino-L2-Unit1-2015,Shopfloor-L2,106.315039,4.943303,6.791104,5.76,43.72,44.61,0.5938,14.7248,17022.0,310.0,21.17885958,1.95
2025-01-02,Makino-L3-Unit1-2015,Shopfloor-L3,70.420957,4.897103,7.330043,19.3,45.35,37.0327,1.6561,30.9106,21961.0,328.0,33.2521406,1.55
2025-01-02,Makino-L3-Unit1-2015,Shopfloor-L3,91.354775,5.484892,6.442441,25.21,45.7,31.2953,1.1106,31.1828,17587.0,311.0,19.26341961,2.08
2025-01-02,Makino-L2-Unit1-2015,Shopfloor-L2,89.604377,5.921434,6.174944,20.59,47.22,37.5251,1.774,30.032,17729.0,398.0,20.6487582,3.32
2025-01-02,Makino-L3-Unit1-2015,Shopfloor-L3,68.704212,4.327595,6.955302,23.57,51.76,31.1422,0.4837,27.5579,20736.0,275.0,23.72988362,1.91
2025-01-02,Makino-L2-Unit1-2015,Shopfloor-L2,80.602074,3.007607,6.35583,17.76,50.42,26.0035,-0.0043,10.0861,16972.0,299.0,27.35095296,1.8
2025-01-02,Makino-L2-Unit1-2015,Shopfloor-L2,86.207253,4.513463,6.021034,4.8,51.07,31.5701,0.5574,39.6846,22199.0,456.0,22.61371899,1.72
2025-01-02,Makino-L1-Unit1-2015,Shopfloor-L1,62.705907,3.478268,6.242542,1.52,46.98,32.2436,0.9964,30.3445,19261.0,326.0,27.93946439,1.94
2025-01-02,Makino-L2-Unit1-2015,Shopfloor-L2,49.852787,6.66335,6.013707,18.04,48.37,41.13,0.9505,26.9507,23612.0,295.0,19.19004778,1.92
2025-01-02,Makino-L2-Unit1-2015,Shopfloor-L2,82.171321,5.351733,6.931191,15.31,47.76,32.1266,1.7691,24.7052,16910.0,304.0,33.19606881,1.88
2025-01-02,Makino-L2-Unit1-2015,Shopfloor-L2,94.312613,5.60397,6.703728,23.15,47.84,44.0173,0.4584,24.9191,20289.0,363.0,20.38099807,2.26
2025-01-02,Makino-L1-Unit1-2015,Shopfloor-L1,79.758131,4.843237,6.517379,23.42,50.16,32.3555,0.6663,24.3287,18823.0,366.0,29.4580965,1.63
2025-01-02,Makino-L1-Unit1-2015,Shopfloor-L1,92.013711,4.753853,7.088622,3.82,39.3,41.4018,0.8973,27.4226,20860.0,303.0,22.83771835,1.82
2025-01-02,Makino-L2-Unit1-2015,Shopfloor-L2,79.412374,4.355872,7.441072,30.65,47.96,31.7833,0.9546,26.4199,19495.0,352.0,22.13637916,1.65
2025-01-02,Makino-L3-Unit1-2015,Shopfloor-L3,95.081622,4.33103,6.376072,2.99,44.18,33.2176,0.2458,33.8399,23768.0,308.0,22.2566554,1.8
2025-01-02,Makino-L3-Unit1-2015,Shopfloor-L3,71.168859,3.178366,6.02638,2.26,45.25,39.8006,0.8209,20.4493,18677.0,382.0,26.96966423,3.57
2025-01-02,Makino-L3-Unit1-2015,Shopfloor-L3,91.687078,6.099223,6.992223,15.57,46.9,25.7278,0.6696,27.9377,19774.0,300.0,19.12991082,3.29
2025-01-02,Makino-L1-Unit1-2015,Shopfloor-L1,196.413421,5.496866,5.875349,14.16,46.21,42.7281,0.3957,5.4828,20901.0,273.0,17.19483194,3.25
2025-01-02,Makino-L1-Unit1-2015,Shopfloor-L1,48.766374,6.734219,7.652443,23.62,40.88,34.5877,0.6583,31.2538,23306.0,365.0,23.68543634,1.87
2025-01-02,Makino-L2-Unit1-2015,Shopfloor-L2,79.731867,5.183633,5.794544,0.26,49.27,37.287,0.8343,34.9978,25015.0,305.0,19.32732535,3.55
2025-01-02,Makino-L3-Unit1-2015,Shopfloor-L3,128.31121,5.463059,6.73494,4.24,41.02,41.7139,1.3682,33.8228,24585.0,308.0,17.95268752,1.99
2025-01-02,Makino-L2-Unit1-2015,Shopfloor-L2,90.124809,4.1458,7.845561,14.64,48.12,38.4863,1.1351,26.1195,16843.0,295.0,23.44069146,1.74
2025-01-02,Makino-L3-Unit1-2015,Shopfloor-L3,83.45311,5.054722,7.280561,11.57,47.43,37.1293,-0.0673,31.9122,21779.0,320.0,24.18573854,2.1
2025-01-02,Makino-L3-Unit1-2015,Shopfloor-L3,167.970134,5.572502,6.744784,2.33,45.74,34.5495,0.9673,13.5992,20056.0,295.0,20.1077202,1.66
2025-01-02,Makino-L2-Unit1-2015,Shopfloor-L2,86.069253,3.304771,6.968792,12.1,51.12,43.3696,1.0893,29.5563,16736.0,243.0,19.921274,3.43
2025-01-02,Makino-L1-Unit1-2015,Shopfloor-L1,117.126268,4.290765,5.686685,3.33,40.36,37.7777,1.5156,16.7602,16142.0,210.0,19.29367739,2.98
2025-01-02,Makino-L3-Unit1-2015,Shopfloor-L3,167.705706,6.330764,7.597904,21.6,46.06,35.1726,1.1855,36.4543,21081.0,296.0,23.01160074,2.87
2025-01-02,Makino-L1-Unit1-2015,Shopfloor-L1,105.471952,6.362255,6.524391,1.95,48.43,33.4048,0.5139,27.9637,23666.0,352.0,12.85895331,1.91
2025-01-02,Makino-L3-Unit1-2015,Shopfloor-L3,187.892161,5.515012,6.657,-1.78,45.41,41.5062,0.439,15.9623,21296.0,294.0,27.63770542,1.86
2025-01-02,Makino-L1-Unit1-2015,Shopfloor-L1,132.952791,5.922793,7.883433,26.83,50.42,30.9656,-0.1646,33.5008,28529.0,287.0,20.50753372,3.44
2025-01-02,Makino-L2-Unit1-2015,Shopfloor-L2,101.247412,5.490101,6.5681,6.09,49.97,34.7473,0.9687,8.7509,19506.0,348.0,18.91997755,2.0
2025-01-02,Makino-L2-Unit1-2015,Shopfloor-L2,138.877908,6.42594,7.561183,27.09,52.34,36.1488,0.8566,33.4685,16980.0,357.0,19.64704403,1.91
2025-01-02,Makino-L2-Unit1-2015,Shopfloor-L2,62.171321,5.858196,6.657196,10.94,52.07,44.4902,0.7368,27.1094,24742.0,264.0,19.53263773,1.89
2025-01-02,Makino-L1-Unit1-2015,Shopfloor-L1,111.845287,5.164277,6.355115,6.51,52.31,30.1523,0.7986,12.8798,15760.0,304.0,19.51796057,3.4
2025-01-02,Makino-L2-Unit1-2015,Shopfloor-L2,77.520964,3.917703,6.249545,16.38,47.83,36.0916,0.7447,22.8646,22067.0,320.0,20.09866604,1.76
2025-01-02,Makino-L3-Unit1-2015,Shopfloor-L3,138.7664,3.951884,6.436275,-1.68,44.46,31.9354,1.7832,28.3162,16387.0,334.0,25.35457513,1.88
2025-01-02,Makino-L1-Unit1-2015,Shopfloor-L1,191.595553,6.067591,6.494747,5.06,50.81,36.2454,0.6163,35.0427,26053.0,405.0,30.86225337,3.23
2025-01-02,Makino-L1-Unit1-2015,Shopfloor-L1,66.981774,3.103025,5.964237,5.75,50.84,22.2237,0.3003,22.8342,18772.0,289.0,23.8180636,2.7
2025-01-02,Makino-L2-Unit1-2015,Shopfloor-L2,129.376045,4.898523,6.135784,27.84,52.45,42.6274,1.171,35.3038,24773.0,406.0,25.58588535,2.99
2025-01-02,Makino-L3-Unit1-2015,Shopfloor-L3,96.221796,4.648669,6.802747,25.58,46.91,30.515,0.7684,37.912,18974.0,343.0,22.13542673,1.86
2025-01-02,Makino-L1-Unit1-2015,Shopfloor-L1,138.005462,3.498494,6.052974,-1.02,48.1,34.3159,0.2784,25.2782,22169.0,296.0,21.50329851,1.72
2025-01-02,Makino-L3-Unit1-2015,Shopfloor-L3,66.817423,5.210127,6.078835,9.98,50.88,36.3512,0.7403,39.3488,24250.0,301.0,19.18814767,3.52
2025-01-02,Makino-L2-Unit1-2015,Shopfloor-L2,68.106995,4.812321,7.067825,3.92,51.36,35.6634,1.3752,19.4671,17937.0,377.0,26.08675321,1.78
2025-01-02,Makino-L1-Unit1-2015,Shopfloor-L1,83.514501,5.214334,6.671272,17.62,46.26,31.6654,-0.0642,28.1764,18070.0,325.0,29.05547607,1.94
2025-01-02,Makino-L2-Unit1-2015,Shopfloor-L2,88.919968,6.174919,6.317407,16.43,53.21,22.4019,0.7368,31.1118,21343.0,328.0,24.33732003,1.82
2025-01-02,Makino-L1-Unit1-2015,Shopfloor-L1,82.918574,3.22552,6.410918,10.6,48.23,36.7982,0.6958,26.8591,22272.0,349.0,24.29535006,1.82
2025-01-02,Makino-L1-Unit1-2015,Shopfloor-L1,93.386288,5.94781,6.293103,14.08,48.09,39.3474,1.9079,30.0992,21851.0,276.0,15.42811029,1.85
2025-01-02,Makino-L3-Unit1-2015,Shopfloor-L3,91.299747,4.309064,6.427691,3.83,53.7,39.5786,1.016,24.9457,21176.0,301.0,21.2451391,3.12
2025-01-02,Makino-L2-Unit1-2015,Shopfloor-L2,150.70909,3.474929,6.810831,2.58,42.85,39.4602,1.6107,26.9821,19016.0,356.0,20.5903669,2.09
2025-01-02,Makino-L3-Unit1-2015,Shopfloor-L3,140.783644,6.254052,6.831765,7.41,38.31,43.1869,1.4142,14.7678,14297.0,298.0,32.98319267,1.85
2025-01-02,Makino-L1-Unit1-2015,Shopfloor-L1,117.159745,4.500248,7.276548,3.21,44.58,25.7497,0.9706,26.641,21471.0,294.0,21.76426978,1.67
2025-01-02,Makino-L1-Unit1-2015,Shopfloor-L1,79.120946,5.122502,6.692609,25.32,45.93,29.0476,0.6816,22.5697,22576.0,334.0,30.74937108,2.76
2025-01-02,Makino-L3-Unit1-2015,Shopfloor-L3,69.131448,5.530281,6.41434,3.38,48.0,29.347,0.7791,26.8825,13841.0,341.0,33.19552361,3.42
2025-01-02,Makino-L2-Unit1-2015,Shopfloor-L2,186.993825,5.516827,6.382711,24.3,43.08,44.5723,0.9253,22.7035,23508.0,268.0,26.25161148,2.99
2025-01-02,Makino-L3-Unit1-2015,Shopfloor-L3,175.699971,5.385975,5.889672,11.61,44.11,45.8674,0.5536,37.8474,21329.0,288.0,18.51299409,3.11
2025-01-02,Makino-L2-Unit1-2015,Shopfloor-L2,86.070055,5.519314,6.737541,5.21,47.66,39.2159,1.3465,21.3514,13954.0,260.0,20.62816155,2.08
2025-01-02,Makino-L2-Unit1-2015,Shopfloor-L2,102.861008,5.144397,6.204904,15.7,54.73,29.101,0.4119,28.4372,21493.0,411.0,25.17813348,3.17
2025-01-02,Makino-L1-Unit1-2015,Shopfloor-L1,93.815128,4.588393,7.529996,8.25,42.75,24.6752,1.0266,29.5404,17370.0,302.0,25.08062014,1.93
2025-01-02,Makino-L1-Unit1-2015,Shopfloor-L1,65.64554,5.213089,7.141566,22.06,60.28,37.2059,0.9254,22.4908,14565.0,334.0,14.0007449,1.72
2025-01-02,Makino-L3-Unit1-2015,Shopfloor-L3,79.880585,5.16158,6.512158,11.31,47.53,27.1085,0.2908,45.86,17431.0,428.0,23.59976094,1.97
2025-01-02,Makino-L2-Unit1-2015,Shopfloor-L2,111.001822,5.73078,6.919292,15.36,42.85,37.7777,0.3235,8.4141,16301.0,317.0,12.16181582,1.7
2025-01-02,Makino-L2-Unit1-2015,Shopfloor-L2,78.270945,5.189634,7.010523,3.82,43.04,33.7717,0.1411,33.9506,16839.0,245.0,21.28234814,1.81
2025-01-02,Makino-L2-Unit1-2015,Shopfloor-L2,86.292419,5.491033,7.44717,14.57,47.92,27.1765,0.7178,15.3202,17492.0,287.0,32.22639376,1.66
2025-01-02,Makino-L1-Unit1-2015,Shopfloor-L1,54.278829,5.425405,6.607317,12.72,46.23,35.6989,0.9017,43.3314,18641.0,416.0,22.12424083,1.76
2025-01-02,Makino-L1-Unit1-2015,Shopfloor-L1,89.589057,4.432235,6.342041,20.99,50.29,36.765,1.1859,22.904,22029.0,327.0,27.86803016,1.66
2025-01-02,Makino-L2-Unit1-2015,Shopfloor-L2,84.710134,4.923824,6.750929,24.27,50.72,33.4523,0.7862,28.2454,25289.0,296.0,22.11210994,3.39
2025-01-02,Makino-L1-Unit1-2015,Shopfloor-L1,123.120618,4.503999,7.143753,24.9,58.19,34.7838,1.6429,36.8293,17085.0,352.0,30.01294601,1.81
2025-01-02,Makino-L2-Unit1-2015,Shopfloor-L2,55.538916,4.235185,6.560124,3.85,65.23,30.2844,0.9207,31.2177,20560.0,244.0,18.93692616,2.1
2025-01-02,Makino-L2-Unit1-2015,Shopfloor-L2,77.114697,5.219743,7.340172,8.25,36.16,39.8942,0.6881,25.8614,22059.0,326.0,21.32025142,1.69
2025-01-02,Makino-L3-Unit1-2015,Shopfloor-L3,171.266443,6.073567,6.358698,15.14,44.09,27.87,1.1194,29.4585,19420.0,274.0,16.02093794,1.99
2025-01-02,Makino-L3-Unit1-2015,Shopfloor-L3,89.652337,5.172158,6.355962,7.65,43.75,36.8828,0.296,23.0382,20040.0,379.0,35.049385,2.89
2025-01-02,Makino-L2-Unit1-2015,Shopfloor-L2,154.897078,5.017912,6.817067,10.27,50.41,34.991,0.7575,27.6996,19517.0,231.0,17.84700243,1.68
2025-01-02,Makino-L3-Unit1-2015,Shopfloor-L3,103.175603,6.842138,7.085006,25.31,52.23,38.9695,0.4857,16.7731,11650.0,305.0,20.66189933,1.73
2025-01-02,Makino-L1-Unit1-2015,Shopfloor-L1,88.097949,5.222134,7.188502,14.09,42.71,34.8992,0.528,32.9986,17849.0,272.0,20.07016641,2.61
2025-01-02,Makino-L1-Unit1-2015,Shopfloor-L1,68.643508,4.985621,6.986265,26.92,48.59,36.431,1.1897,34.0572,25129.0,310.0,31.15257845,1.76
2025-01-02,Makino-L1-Unit1-2015,Shopfloor-L1,98.726781,5.161916,7.13577,20.77,45.37,30.3338,0.4542,34.0762,15614.0,335.0,24.09780694,1.78
2025-01-02,Makino-L1-Unit1-2015,Shopfloor-L1,167.162688,5.278516,7.005947,11.5,52.11,37.9619,1.337,31.5841,15519.0,225.0,34.00247853,2.43
2025-01-02,Makino-L1-Unit1-2015,Shopfloor-L1,106.299074,5.012551,6.765015,3.95,43.63,33.8298,1.7397,20.604,18840.0,351.0,25.54313337,1.84
2025-01-02,Makino-L3-Unit1-2015,Shopfloor-L3,89.135082,4.723956,7.123063,3.92,46.58,32.0546,1.1522,19.6302,15014.0,314.0,20.6164739,1.89
2025-01-02,Makino-L1-Unit1-2015,Shopfloor-L1,108.765168,4.937443,6.221816,17.76,52.18,35.8324,0.5567,19.7833,18312.0,312.0,19.18167745,1.7
2025-01-02,Makino-L3-Unit1-2015,Shopfloor-L3,124.527555,5.9802,6.271154,12.55,41.83,36.6504,1.4899,30.7067,18630.0,362.0,35.08237957,2.02
2025-01-02,Makino-L3-Unit1-2015,Shopfloor-L3,144.763841,5.304096,5.594156,2.64,46.99,23.7023,0.6816,33.3081,22490.0,285.0,22.46903162,2.43
2025-01-02,Makino-L1-Unit1-2015,Shopfloor-L1,178.086374,5.240979,7.016744,16.59,43.5,42.071,0.7,23.4355,22154.0,285.0,21.34086963,3.44
2025-01-02,Makino-L2-Unit1-2015,Shopfloor-L2,87.602946,5.47759,6.050569,3.37,44.16,37.6109,1.2183,33.8737,25248.0,299.0,36.41638195,2.29
2025-01-02,Makino-L3-Unit1-2015,Shopfloor-L3,76.820673,5.328866,5.549102,13.01,50.4,35.7814,0.1053,35.0384,22568.0,293.0,18.04777974,2.02
2025-01-02,Makino-L3-Unit1-2015,Shopfloor-L3,76.324273,4.80877,6.720677,6.05,51.7,42.9909,0.6577,26.7828,18619.0,309.0,20.09831119,1.99
2025-01-03,Makino-L1-Unit1-2015,Shopfloor-L1,115.004564,6.714718,7.012921,2.62,45.34,30.8037,0.2949,24.3166,20237.0,284.0,14.71623478,1.98
2025-01-03,Makino-L3-Unit1-2015,Shopfloor-L3,60.874035,5.22212,7.016791,15.07,43.03,37.6405,0.7935,9.905,16128.0,303.0,21.15446469,1.68
2025-01-03,Makino-L1-Unit1-2015,Shopfloor-L1,90.220536,3.242286,7.30753,18.85,43.83,38.1502,0.5657,16.072,17291.0,312.0,33.85035316,1.7
2025-01-03,Makino-L1-Unit1-2015,Shopfloor-L1,98.771942,3.341512,6.468654,4.02,47.27,29.2991,1.0237,20.5874,18203.0,276.0,22.73654141,2.49
2025-01-03,Makino-L3-Unit1-2015,Shopfloor-L3,75.382881,6.163654,6.686515,3.09,46.7,31.867,1.1209,31.5684,17008.0,389.0,23.59055805,1.73
2025-01-03,Makino-L3-Unit1-2015,Shopfloor-L3,100.269796,2.995136,6.733858,0.8,45.71,29.0192,1.2085,34.2426,18097.0,374.0,26.3683938,2.92
2025-01-03,Makino-L2-Unit1-2015,Shopfloor-L2,98.560619,6.221568,7.185613,5.83,43.93,31.2689,0.7869,24.5902,17684.0,370.0,33.7277737,1.92
2025-01-03,Makino-L1-Unit1-2015,Shopfloor-L1,69.923737,4.71527,5.620935,18.61,46.5,30.4057,1.3325,29.9189,18216.0,409.0,22.69885483,2.06
2025-01-03,Makino-L3-Unit1-2015,Shopfloor-L3,92.101768,5.187536,6.572774,3.78,46.84,32.5308,0.9707,18.2149,19677.0,343.0,19.07885456,2.35
2025-01-03,Makino-L3-Unit1-2015,Shopfloor-L3,125.482099,6.143336,7.113932,32.0,48.29,31.151,1.2546,39.4518,23002.0,298.0,21.88067175,1.69
2025-01-03,Makino-L1-Unit1-2015,Shopfloor-L1,159.996745,3.89092,7.612955,13.05,43.44,37.118,1.0789,30.2455,12387.0,361.0,24.32878549,1.61
2025-01-03,Makino-L1-Unit1-2015,Shopfloor-L1,174.228672,4.950364,6.014685,10.07,46.65,25.1327,0.835,28.5694,14473.0,321.0,23.44381653,1.93
2025-01-03,Makino-L2-Unit1-2015,Shopfloor-L2,92.126077,4.979379,5.720819,21.94,49.41,31.3969,0.9417,30.9865,15770.0,346.0,24.25342248,1.87
2025-01-03,Makino-L1-Unit1-2015,Shopfloor-L1,103.193187,3.34338,5.890973,15.28,52.2,34.6033,0.9709,27.0331,21567.0,385.0,21.05177202,1.82
2025-01-03,Makino-L1-Unit1-2015,Shopfloor-L1,145.307068,5.471783,7.268662,29.67,50.97,39.7486,1.2391,35.4894,22959.0,326.0,28.13383355,1.64
2025-01-03,Makino-L1-Unit1-2015,Shopfloor-L1,73.439172,5.424134,6.967728,6.96,53.13,33.5797,0.0038,25.7613,18050.0,298.0,32.90255811,1.83
2025-01-03,Makino-L1-Unit1-2015,Shopfloor-L1,105.511051,6.248647,6.708018,15.65,49.1,26.4719,0.5806,31.5807,18663.0,410.0,22.27445911,3.13
2025-01-03,Makino-L2-Unit1-2015,Shopfloor-L2,53.061125,4.982623,6.448677,1.64,44.06,45.8757,1.4991,18.8719,20171.0,393.0,21.49852696,3.63
2025-01-03,Makino-L1-Unit1-2015,Shopfloor-L1,109.483612,2.742895,7.697187,16.11,47.95,38.579,0.3438,29.8019,14193.0,306.0,18.14718477,1.99
2025-01-03,Makino-L2-Unit1-2015,Shopfloor-L2,106.903031,4.728352,6.013112,1.38,46.4,36.6906,1.556,31.1831,25115.0,246.0,20.88950059,3.26
2025-01-03,Makino-L1-Unit1-2015,Shopfloor-L1,122.577304,5.420694,6.509475,5.26,48.66,42.7255,1.2184,30.7975,16726.0,396.0,19.49553801,2.09
2025-01-03,Makino-L3-Unit1-2015,Shopfloor-L3,93.677135,5.02319,6.052612,22.82,44.56,35.6859,0.9005,17.6985,21150.0,300.0,33.49476282,3.58
2025-01-03,Makino-L1-Unit1-2015,Shopfloor-L1,101.506824,5.796636,6.620185,23.23,55.09,38.3635,0.6834,21.5186,19910.0,376.0,21.38142225,3.54
2025-01-03,Makino-L2-Unit1-2015,Shopfloor-L2,164.549562,4.730947,7.346671,7.1,39.79,37.3311,0.8903,15.2814,22474.0,266.0,21.65780526,1.81
2025-01-03,Makino-L3-Unit1-2015,Shopfloor-L3,89.495269,2.924523,8.336167,6.87,44.87,36.0205,0.0175,17.1109,25168.0,289.0,20.26306832,1.6
2025-01-03,Makino-L3-Unit1-2015,Shopfloor-L3,118.145162,4.895783,6.904445,17.6,45.3,35.2812,0.8848,26.1603,18216.0,300.0,29.5565607,3.22
2025-01-03,Makino-L2-Unit1-2015,Shopfloor-L2,107.535476,5.244029,6.955446,18.46,46.49,37.6262,0.7888,24.882,17289.0,251.0,25.38034321,2.16
2025-01-03,Makino-L2-Unit1-2015,Shopfloor-L2,97.989586,4.15543,6.64488,23.06,38.59,32.2116,0.4889,32.3933,21488.0,346.0,21.32608124,2.0
2025-01-03,Makino-L1-Unit1-2015,Shopfloor-L1,112.330496,3.956129,6.769994,14.33,46.44,33.0362,0.8126,30.1925,18959.0,307.0,25.15956373,1.79
2025-01-03,Makino-L2-Unit1-2015,Shopfloor-L2,97.819091,4.565419,7.283114,5.58,44.19,36.9698,1.0098,30.0619,23409.0,201.0,33.7700094,1.98
2025-01-03,Makino-L1-Unit1-2015,Shopfloor-L1,83.362746,3.229833,5.963828,0.97,41.53,31.3944,0.9347,34.7459,24045.0,374.0,19.51008674,2.78
2025-01-03,Makino-L1-Unit1-2015,Shopfloor-L1,66.467487,5.229141,7.13897,19.47,35.21,34.9487,0.5864,27.7132,23476.0,326.0,33.37717665,1.9
2025-01-03,Makino-L1-Unit1-2015,Shopfloor-L1,69.881934,4.437072,7.196159,0.53,43.04,35.0722,1.1515,21.2053,21757.0,304.0,21.19045043,2.01
2025-01-03,Makino-L2-Unit1-2015,Shopfloor-L2,95.091765,4.791471,7.649022,3.91,42.78,35.5895,0.2809,17.7947,24535.0,252.0,21.37510744,3.73
2025-01-03,Makino-L1-Unit1-2015,Shopfloor-L1,74.902636,5.296367,5.541047,21.57,43.02,37.8317,1.1283,33.3512,25185.0,284.0,22.85887307,3.19
2025-01-03,Makino-L2-Unit1-2015,Shopfloor-L2,81.131907,3.669198,6.065071,18.19,53.92,38.8951,0.537,28.9189,23883.0,313.0,33.17889909,2.13
2025-01-03,Makino-L2-Unit1-2015,Shopfloor-L2,114.318989,4.232966,6.6908,16.09,51.39,25.9551,0.967,22.3516,21318.0,294.0,24.54599331,1.7
2025-01-03,Makino-L1-Unit1-2015,Shopfloor-L1,102.113942,4.767093,6.016257,18.77,38.62,33.2387,0.8315,28.6641,21798.0,394.0,21.67190147,1.82
2025-01-03,Makino-L1-Unit1-2015,Shopfloor-L1,94.541584,5.200249,6.588734,24.07,52.08,41.9793,0.6489,28.948,20233.0,373.0,19.9929741,2.07
2025-01-03,Makino-L3-Unit1-2015,Shopfloor-L3,95.211111,5.687335,5.884765,15.32,41.6,34.4018,1.015,27.4878,15123.0,387.0,17.91499508,1.79
2025-01-03,Makino-L1-Unit1-2015,Shopfloor-L1,109.718894,5.321805,6.724117,12.32,53.01,28.853,0.7712,27.5948,20586.0,421.0,20.59593855,2.02
2025-01-03,Makino-L2-Unit1-2015,Shopfloor-L2,86.843251,4.318292,6.565353,31.48,52.28,39.3608,0.3897,22.0042,23746.0,318.0,32.21195441,1.9
2025-01-03,Makino-L1-Unit1-2015,Shopfloor-L1,113.086084,6.392682,6.866901,4.97,51.51,37.7005,0.8694,21.5307,13591.0,336.0,20.2606117,1.9
2025-01-03,Makino-L2-Unit1-2015,Shopfloor-L2,93.87215,2.946815,7.15759,25.39,51.62,27.7455,0.8979,30.8336,13572.0,315.0,21.12178016,2.11
2025-01-03,Makino-L1-Unit1-2015,Shopfloor-L1,159.47178,5.162219,6.6568,11.67,45.92,35.8781,0.8856,33.4001,17757.0,372.0,21.01095167,2.96
2025-01-03,Makino-L1-Unit1-2015,Shopfloor-L1,95.525626,5.144796,6.487653,19.89,52.03,41.6328,0.5666,19.815,20219.0,303.0,18.75145409,1.74
2025-01-03,Makino-L1-Unit1-2015,Shopfloor-L1,154.438911,3.975192,6.494866,17.74,48.45,42.1395,1.3475,22.6064,19403.0,393.0,21.26497443,2.17
2025-01-03,Makino-L2-Unit1-2015,Shopfloor-L2,97.445683,3.080887,6.036368,14.85,51.15,32.6012,0.725,26.6812,25762.0,263.0,27.23228496,1.74
2025-01-03,Makino-L3-Unit1-2015,Shopfloor-L3,95.071197,4.433457,6.635974,8.01,45.5,29.869,0.6934,33.9225,12504.0,379.0,37.9629377,1.75
2025-01-03,Makino-L3-Unit1-2015,Shopfloor-L3,200.097871,4.678152,6.402924,14.59,42.73,34.055,0.3242,21.8729,21214.0,242.0,26.37037287,1.88
2025-01-03,Makino-L1-Unit1-2015,Shopfloor-L1,87.792426,5.03068,6.132197,-1.59,47.19,37.2511,1.0332,18.7235,23484.0,340.0,19.73224797,2.17
2025-01-03,Makino-L2-Unit1-2015,Shopfloor-L2,76.693266,6.182705,6.211283,17.79,48.93,26.701,0.8977,35.958,23375.0,346.0,22.74577199,2.18
2025-01-03,Makino-L3-Unit1-2015,Shopfloor-L3,53.042083,5.189879,7.226681,4.43,47.67,33.2904,0.4855,42.7887,18068.0,211.0,24.51793281,1.83
2025-01-03,Makino-L3-Unit1-2015,Shopfloor-L3,130.744201,6.50405,6.493396,16.74,38.89,37.6472,0.7533,41.3294,24871.0,331.0,33.15181368,3.67
2025-01-03,Makino-L3-Unit1-2015,Shopfloor-L3,43.449803,5.506348,5.444353,21.45,56.3,33.6612,1.2262,24.1817,25681.0,493.0,16.33421562,1.76
2025-01-03,Makino-L1-Unit1-2015,Shopfloor-L1,91.572366,3.54067,5.949486,24.57,48.17,35.8213,1.6665,26.3717,20501.0,341.0,27.95900178,1.72
2025-01-03,Makino-L3-Unit1-2015,Shopfloor-L3,89.713927,6.508973,6.546635,4.0,42.77,34.6032,0.4281,16.6142,14206.0,276.0,20.36443171,2.42
2025-01-03,Makino-L2-Unit1-2015,Shopfloor-L2,94.562203,2.962881,7.532383,6.17,47.1,34.7451,0.4025,19.5243,21108.0,300.0,20.5786561,2.06
2025-01-03,Makino-L3-Unit1-2015,Shopfloor-L3,165.99815,5.754653,6.787709,7.7,47.09,33.2272,0.3381,15.2182,25095.0,321.0,19.61877749,1.69
2025-01-03,Makino-L3-Unit1-2015,Shopfloor-L3,92.731004,5.7812,6.146437,14.37,45.47,35.4594,1.2755,28.0508,20358.0,263.0,25.61772575,2.29
2025-01-03,Makino-L1-Unit1-2015,Shopfloor-L1,70.151508,3.763502,6.560707,19.92,59.28,30.7359,0.9047,33.6396,28573.0,296.0,21.10502475,2.92
2025-01-03,Makino-L1-Unit1-2015,Shopfloor-L1,106.540349,4.021198,6.648812,19.57,47.32,39.8687,1.1199,22.2636,15129.0,379.0,18.60808389,1.81
2025-01-03,Makino-L2-Unit1-2015,Shopfloor-L2,75.597711,5.148977,6.613272,8.38,60.26,32.1732,1.1585,24.9472,25560.0,356.0,20.65324142,1.93
2025-01-03,Makino-L3-Unit1-2015,Shopfloor-L3,113.156983,5.484552,7.073145,18.25,53.25,37.7403,0.7211,12.3927,20897.0,247.0,14.36726367,1.67
2025-01-03,Makino-L3-Unit1-2015,Shopfloor-L3,94.300846,5.349014,6.089224,15.86,52.93,33.8223,1.3571,21.5741,19744.0,268.0,23.49403296,2.02
2025-01-03,Makino-L3-Unit1-2015,Shopfloor-L3,113.725198,5.518359,5.922334,19.75,45.11,36.6546,0.7385,26.1444,24762.0,406.0,19.21248933,2.0
2025-01-03,Makino-L3-Unit1-2015,Shopfloor-L3,146.10928,3.378583,6.757338,4.22,49.02,36.6651,1.6714,27.999,21026.0,340.0,19.4818269,1.9
2025-01-03,Makino-L1-Unit1-2015,Shopfloor-L1,54.674385,5.037026,6.425382,6.78,40.91,29.1929,0.8328,16.7987,20716.0,359.0,19.55668604,1.66
2025-01-03,Makino-L2-Unit1-2015,Shopfloor-L2,89.233,5.212908,6.890342,15.11,54.45,32.6029,0.8986,10.3249,23994.0,336.0,35.14297956,2.56
2025-01-03,Makino-L3-Unit1-2015,Shopfloor-L3,91.127207,5.403013,6.209871,8.57,48.72,32.0038,0.6038,19.4806,26215.0,305.0,23.34317821,2.42
2025-01-03,Makino-L2-Unit1-2015,Shopfloor-L2,125.39042,5.178195,6.203606,3.92,47.53,29.3151,1.4359,15.8084,17487.0,373.0,19.25847191,2.8
2025-01-03,Makino-L3-Unit1-2015,Shopfloor-L3,156.283049,4.994273,6.579595,19.55,36.71,35.5806,1.2874,24.5802,21039.0,356.0,25.08996858,3.15
2025-01-03,Makino-L1-Unit1-2015,Shopfloor-L1,93.534681,5.27112,6.268599,6.18,47.98,33.1526,0.94,15.3788,26087.0,267.0,20.87757239,2.14
2025-01-03,Makino-L2-Unit1-2015,Shopfloor-L2,122.017415,5.445901,7.566745,28.86,49.66,39.8543,1.6278,32.1657,16458.0,329.0,27.97340528,2.04
2025-01-03,Makino-L2-Unit1-2015,Shopfloor-L2,142.770536,2.890907,6.573652,25.09,46.73,29.9268,0.6393,13.768,18748.0,339.0,23.62289211,2.02
2025-01-03,Makino-L3-Unit1-2015,Shopfloor-L3,160.65182,5.207257,6.874563,22.56,55.77,36.5098,0.2798,30.7209,19348.0,380.0,19.05521407,2.99
2025-01-03,Makino-L3-Unit1-2015,Shopfloor-L3,88.913951,4.39588,6.942898,1.9,42.76,32.8143,0.6872,29.8207,23762.0,315.0,23.32976977,1.96
2025-01-03,Makino-L2-Unit1-2015,Shopfloor-L2,117.094187,5.551382,8.126538,19.65,52.0,34.2205,-0.1071,36.1496,18169.0,403.0,33.37587909,1.7
2025-01-03,Makino-L2-Unit1-2015,Shopfloor-L2,80.036867,4.939123,7.035268,2.75,48.11,39.6681,1.2818,16.7392,21173.0,386.0,13.44678704,1.96
2025-01-03,Makino-L2-Unit1-2015,Shopfloor-L2,124.213741,6.052741,6.5471,2.38,48.71,33.254,0.7837,31.9829,22338.0,261.0,20.99496422,1.93
2025-01-03,Makino-L3-Unit1-2015,Shopfloor-L3,187.06915,5.347133,6.487661,20.67,48.59,37.6051,0.3136,23.0679,21545.0,323.0,21.50296165,3.09
2025-01-03,Makino-L2-Unit1-2015,Shopfloor-L2,71.990715,4.349136,7.564663,15.96,49.59,37.5048,1.4869,20.2601,16273.0,272.0,31.1510319,1.77
2025-01-03,Makino-L1-Unit1-2015,Shopfloor-L1,101.966225,5.842714,6.402662,10.28,51.24,32.0641,0.6214,21.4944,22433.0,274.0,23.06828317,1.85
2025-01-03,Makino-L1-Unit1-2015,Shopfloor-L1,85.592688,6.238503,7.003854,10.0,48.15,29.3576,0.8827,27.5499,15699.0,341.0,21.11928938,1.97
2025-01-03,Makino-L3-Unit1-2015,Shopfloor-L3,55.018183,5.323641,6.093802,-1.42,47.95,31.1722,1.2177,46.3786,15043.0,376.0,23.70764123,2.01
2025-01-03,Makino-L2-Unit1-2015,Shopfloor-L2,75.531759,7.274218,6.411532,14.76,46.23,40.044,0.7159,24.6769,16967.0,268.0,31.06519716,3.56
2025-01-03,Makino-L3-Unit1-2015,Shopfloor-L3,156.753563,5.186102,6.683877,1.51,42.38,32.151,1.2117,27.4427,14680.0,328.0,27.54559337,2.85
2025-01-03,Makino-L3-Unit1-2015,Shopfloor-L3,100.818125,4.213761,6.650013,16.86,49.56,39.9662,1.1284,36.8274,14154.0,361.0,22.702509,3.45
2025-01-03,Makino-L1-Unit1-2015,Shopfloor-L1,80.439599,5.4593,6.679237,19.06,45.08,28.4693,0.3603,25.2977,14847.0,264.0,26.64597629,1.61
2025-01-03,Makino-L2-Unit1-2015,Shopfloor-L2,69.435598,5.755873,6.759645,11.6,46.96,31.2134,1.0756,28.9706,19268.0,337.0,20.04205982,3.16
2025-01-03,Makino-L2-Unit1-2015,Shopfloor-L2,159.404756,4.927525,6.540217,15.7,40.21,43.0566,1.9013,20.3084,16321.0,310.0,36.42854221,1.9
2025-01-03,Makino-L3-Unit1-2015,Shopfloor-L3,86.636676,4.836975,6.673365,4.43,47.71,28.2499,0.6949,17.6637,23556.0,292.0,20.52116013,2.1
2025-01-03,Makino-L3-Unit1-2015,Shopfloor-L3,79.030011,5.265157,5.592271,13.14,47.8,34.997,1.3383,18.0939,21886.0,372.0,18.8296473,1.94
2025-01-03,Makino-L1-Unit1-2015,Shopfloor-L1,203.082996,5.214304,6.931449,18.88,46.61,36.2261,0.9398,21.8329,13122.0,258.0,22.20213252,2.88
2025-01-03,Makino-L3-Unit1-2015,Shopfloor-L3,91.443746,5.203986,7.067407,19.97,57.65,33.8113,0.6279,11.4902,13246.0,343.0,19.89917855,1.75
2025-01-03,Makino-L3-Unit1-2015,Shopfloor-L3,182.462107,5.119735,7.800568,6.12,42.34,36.2549,0.4655,30.1175,18338.0,347.0,36.45960867,2.27
2025-01-03,Makino-L2-Unit1-2015,Shopfloor-L2,99.229955,6.048542,6.8532,3.93,50.02,40.7414,0.753,18.4441,15499.0,328.0,29.16998775,1.9
2025-01-03,Makino-L2-Unit1-2015,Shopfloor-L2,114.97263,5.783882,7.119777,7.33,44.69,35.1253,2.0476,23.0443,17639.0,311.0,24.19041504,2.04
2025-01-03,Makino-L2-Unit1-2015,Shopfloor-L2,88.502386,5.547036,6.359705,2.51,47.61,37.1207,1.364,39.8278,25276.0,252.0,30.10095412,2.88
2025-01-03,Makino-L3-Unit1-2015,Shopfloor-L3,154.708279,3.561397,6.308249,19.32,44.86,29.6545,0.9828,13.7376,21281.0,315.0,23.6687011,3.28
2025-01-04,Makino-L1-Unit1-2015,Shopfloor-L1,92.554299,5.004645,7.387473,30.14,52.83,36.6978,1.0973,12.5783,21737.0,347.0,31.93808689,3.76
2025-01-04,Makino-L2-Unit1-2015,Shopfloor-L2,86.281555,3.066418,7.129297,17.88,47.72,44.9198,0.6168,34.7775,20444.0,317.0,23.1847082,1.64
2025-01-04,Makino-L3-Unit1-2015,Shopfloor-L3,93.214511,4.973826,6.885156,16.37,49.02,39.7389,0.8555,36.08,17998.0,283.0,26.2343469,1.92
2025-01-04,Makino-L3-Unit1-2015,Shopfloor-L3,93.348588,2.795171,6.660547,24.32,51.97,33.6826,0.4091,26.7994,20216.0,361.0,33.14439437,3.48
2025-01-04,Makino-L2-Unit1-2015,Shopfloor-L2,63.57973,5.093372,7.206824,20.1,52.56,38.8814,1.1699,38.9548,14918.0,264.0,31.96966597,1.99
2025-01-04,Makino-L1-Unit1-2015,Shopfloor-L1,74.807404,3.273845,7.501577,11.52,47.24,46.5953,1.007,27.6549,16867.0,385.0,15.4911335,1.73
2025-01-04,Makino-L1-Unit1-2015,Shopfloor-L1,107.396926,4.401223,5.779211,5.2,45.96,42.062,0.7649,12.7977,14713.0,316.0,22.97261435,2.25
2025-01-04,Makino-L1-Unit1-2015,Shopfloor-L1,48.411323,4.871977,6.169979,4.04,52.28,37.4354,0.5734,31.8263,15259.0,295.0,33.27463257,3.03
2025-01-04,Makino-L1-Unit1-2015,Shopfloor-L1,184.313887,5.315994,7.342528,30.55,50.78,40.4737,0.3386,23.6741,20841.0,282.0,15.21797145,1.68
2025-01-04,Makino-L3-Unit1-2015,Shopfloor-L3,85.989358,5.255355,5.639444,5.74,47.98,43.6871,1.3519,25.6991,21469.0,255.0,32.86683458,2.25
2025-01-04,Makino-L3-Unit1-2015,Shopfloor-L3,118.066399,4.31206,6.94248,13.79,42.91,38.5219,0.7644,16.2356,23610.0,354.0,15.51044911,1.82
2025-01-04,Makino-L1-Unit1-2015,Shopfloor-L1,44.555742,4.481516,6.030615,2.61,44.88,32.54,1.8269,34.6249,16568.0,329.0,24.29932755,2.98
2025-01-04,Makino-L1-Unit1-2015,Shopfloor-L1,68.429366,3.373222,6.685491,21.26,46.27,47.4651,0.3227,11.6387,24860.0,232.0,20.98107412,1.9
2025-01-04,Makino-L1-Unit1-2015,Shopfloor-L1,65.553399,4.427192,6.801612,12.26,48.73,39.8889,1.1931,21.7337,20858.0,388.0,33.50436468,1.63
2025-01-04,Makino-L3-Unit1-2015,Shopfloor-L3,105.641721,5.164894,7.106082,7.23,52.3,30.0617,0.9464,35.4551,22130.0,261.0,16.64807609,3.37
2025-01-04,Makino-L2-Unit1-2015,Shopfloor-L2,112.996984,5.711111,8.003449,6.11,39.05,31.0634,0.6141,21.1658,22178.0,387.0,36.95017792,2.28
2025-01-04,Makino-L2-Unit1-2015,Shopfloor-L2,94.842672,6.362779,7.103558,19.41,43.4,35.9016,1.0811,20.563,18882.0,338.0,26.29825325,1.9
2025-01-04,Makino-L1-Unit1-2015,Shopfloor-L1,156.116514,5.154863,6.221192,15.98,44.87,38.9224,0.4792,30.1144,21772.0,330.0,22.95100404,2.77
2025-01-04,Makino-L1-Unit1-2015,Shopfloor-L1,86.886123,4.889675,6.580414,-0.23,47.91,26.0835,0.2378,31.2045,18213.0,247.0,15.91510195,1.99
2025-01-04,Makino-L1-Unit1-2015,Shopfloor-L1,179.87916,4.418128,6.136202,30.23,51.93,37.2357,0.8041,28.0938,14608.0,279.0,31.99608416,2.73
2025-01-04,Makino-L1-Unit1-2015,Shopfloor-L1,115.016915,6.790777,6.970378,17.45,48.46,37.8007,1.4583,17.0345,17521.0,323.0,15.81918892,1.87
2025-01-04,Makino-L1-Unit1-2015,Shopfloor-L1,152.0025,5.156251,7.409728,2.29,46.17,40.4103,0.896,30.8419,18293.0,294.0,21.05634084,3.5
2025-01-04,Makino-L2-Unit1-2015,Shopfloor-L2,115.236384,5.255217,6.196813,2.66,50.69,42.6126,0.8161,30.617,16057.0,353.0,24.68314075,2.19
2025-01-04,Makino-L1-Unit1-2015,Shopfloor-L1,45.785423,3.131742,5.926239,1.94,45.67,33.6577,0.8609,24.89,17623.0,381.0,36.86482745,1.75
2025-01-04,Makino-L3-Unit1-2015,Shopfloor-L3,127.127399,6.214782,6.585596,28.11,50.78,25.2921,0.3665,22.6942,25749.0,276.0,18.30471324,3.02
2025-01-04,Makino-L3-Unit1-2015,Shopfloor-L3,173.10078,3.239456,6.254429,19.47,48.86,32.6733,0.5488,27.6406,16212.0,275.0,24.28267334,1.91
2025-01-04,Makino-L1-Unit1-2015,Shopfloor-L1,83.096797,5.746623,7.040223,22.7,50.91,29.1541,0.054,32.191,17906.0,322.0,27.45956513,1.9
2025-01-04,Makino-L1-Unit1-2015,Shopfloor-L1,73.260397,3.229352,6.250261,2.29,42.81,31.0363,1.3282,21.1766,16344.0,361.0,21.26984471,2.99
2025-01-04,Makino-L3-Unit1-2015,Shopfloor-L3,90.658963,5.560679,7.392164,3.66,45.74,38.1221,0.1712,28.0346,17972.0,364.0,21.13332479,1.87
2025-01-04,Makino-L2-Unit1-2015,Shopfloor-L2,80.30743,4.077441,6.441484,27.95,50.4,41.4533,1.1375,8.2149,23846.0,213.0,21.87018688,1.83
2025-01-04,Makino-L1-Unit1-2015,Shopfloor-L1,105.441854,5.062427,6.583905,18.83,41.75,32.75,0.7339,24.1092,23099.0,252.0,26.64226439,2.91
2025-01-04,Makino-L1-Unit1-2015,Shopfloor-L1,108.493028,4.785684,6.578819,14.55,43.41,35.0251,1.7383,38.1512,13637.0,470.0,20.61224496,2.05
2025-01-04,Makino-L3-Unit1-2015,Shopfloor-L3,106.296243,4.842818,6.713047,21.16,52.51,31.3902,0.5809,12.1474,16383.0,304.0,37.77061171,1.71
2025-01-04,Makino-L2-Unit1-2015,Shopfloor-L2,76.003834,4.070766,6.649529,3.8,41.53,30.8826,0.3485,19.6642,18709.0,339.0,30.75919597,1.85
2025-01-04,Makino-L2-Unit1-2015,Shopfloor-L2,100.75158,5.203323,7.075998,21.41,43.12,36.2093,1.2155,29.0734,22510.0,436.0,19.98076529,3.05
2025-01-04,Makino-L2-Unit1-2015,Shopfloor-L2,79.808983,5.110339,6.96123,1.72,46.28,38.1542,0.6455,33.878,22485.0,209.0,19.04262144,2.71
2025-01-04,Makino-L3-Unit1-2015,Shopfloor-L3,72.998447,4.061763,6.520091,20.43,44.51,31.3482,1.4714,21.9612,18694.0,295.0,31.1899816,1.95
2025-01-04,Makino-L2-Unit1-2015,Shopfloor-L2,71.199066,5.678112,6.508076,17.94,42.3,35.2298,1.0749,22.6174,20118.0,321.0,20.61025264,2.56
2025-01-04,Makino-L3-Unit1-2015,Shopfloor-L3,100.809087,3.212665,6.815979,6.52,50.52,24.5161,0.3284,15.2754,18881.0,337.0,25.26642022,1.64
2025-01-04,Makino-L1-Unit1-2015,Shopfloor-L1,105.646332,5.621712,7.127739,11.42,53.76,31.2706,0.7345,41.4865,21447.0,237.0,20.63716535,2.48
2025-01-04,Makino-L3-Unit1-2015,Shopfloor-L3,71.621971,6.35126,6.466386,9.27,48.59,31.9151,0.7514,30.2436,15763.0,301.0,19.85225999,2.17
2025-01-04,Makino-L1-Unit1-2015,Shopfloor-L1,96.020073,5.019443,8.067383,8.16,44.84,27.9714,-0.03,22.5835,13528.0,305.0,28.07846146,1.66
2025-01-04,Makino-L2-Unit1-2015,Shopfloor-L2,78.284723,5.432292,5.653409,7.02,39.05,42.5083,1.5303,21.9787,22213.0,236.0,19.04407476,3.18
2025-01-04,Makino-L1-Unit1-2015,Shopfloor-L1,86.741594,4.585541,7.864922,6.67,45.24,36.0337,0.8634,33.2093,21821.0,276.0,34.04786798,2.1
2025-01-04,Makino-L3-Unit1-2015,Shopfloor-L3,77.738059,6.131573,6.309328,12.29,48.41,43.4119,0.9225,21.3094,26066.0,289.0,19.39353701,1.93
2025-01-04,Makino-L3-Unit1-2015,Shopfloor-L3,182.233484,3.066611,6.190393,7.5,52.07,39.6784,0.6192,34.3244,15596.0,366.0,33.83344785,2.8
2025-01-04,Makino-L1-Unit1-2015,Shopfloor-L1,77.658583,6.261216,6.621655,26.81,51.33,29.3245,0.5612,28.9081,24466.0,289.0,18.75144154,1.94
2025-01-04,Makino-L2-Unit1-2015,Shopfloor-L2,87.784718,6.106833,6.484609,20.95,44.47,25.9724,0.7058,31.9801,23474.0,220.0,13.02721621,1.98
2025-01-04,Makino-L2-Unit1-2015,Shopfloor-L2,142.353194,4.168671,6.675376,4.78,43.79,34.96,0.9885,22.5635,25031.0,368.0,31.02430142,1.91
2025-01-04,Makino-L2-Unit1-2015,Shopfloor-L2,82.779689,3.240944,6.394463,3.76,45.9,35.8858,0.8666,17.6896,21600.0,212.0,26.34656374,1.78
2025-01-04,Makino-L2-Unit1-2015,Shopfloor-L2,89.188794,5.210195,6.922077,15.1,46.66,38.8606,0.5245,21.0747,22115.0,320.0,30.67354048,1.92
2025-01-04,Makino-L1-Unit1-2015,Shopfloor-L1,149.601875,4.351721,7.309003,25.77,52.7,26.8833,0.6704,33.877,20421.0,391.0,28.71420584,3.24
2025-01-04,Makino-L1-Unit1-2015,Shopfloor-L1,91.198648,3.481624,6.62433,27.31,46.85,26.0403,0.4858,20.2661,27102.0,280.0,21.65921238,1.8
2025-01-04,Makino-L2-Unit1-2015,Shopfloor-L2,89.186865,6.309589,6.070773,7.42,47.59,37.8471,0.4385,28.3602,26083.0,414.0,20.00151987,2.05
2025-01-04,Makino-L3-Unit1-2015,Shopfloor-L3,72.338114,5.046953,6.650652,16.31,54.06,28.7081,0.7028,39.9662,13219.0,395.0,22.54437041,2.14
2025-01-04,Makino-L2-Unit1-2015,Shopfloor-L2,63.484202,5.228517,6.86952,26.67,52.32,39.8075,1.0151,35.6275,22034.0,376.0,21.36517107,3.5
2025-01-04,Makino-L3-Unit1-2015,Shopfloor-L3,85.403717,4.364468,7.209456,6.11,45.02,42.4125,0.46,26.4813,20740.0,351.0,23.62442014,1.82
2025-01-04,Makino-L2-Unit1-2015,Shopfloor-L2,93.740982,5.808552,6.404954,14.51,53.17,29.8236,1.0064,35.3801,20186.0,310.0,32.2287648,1.74
2025-01-04,Makino-L2-Unit1-2015,Shopfloor-L2,166.298294,4.41877,7.233266,5.3,38.17,37.304,0.6273,28.3914,21434.0,336.0,21.38272938,2.25
2025-01-04,Makino-L2-Unit1-2015,Shopfloor-L2,91.012844,4.485726,6.945587,17.69,48.7,30.8602,0.6848,19.5195,15838.0,209.0,22.46053183,1.96
2025-01-04,Makino-L1-Unit1-2015,Shopfloor-L1,100.321604,5.660105,6.896325,9.6,46.56,34.1632,0.5367,31.6927,18282.0,331.0,19.54608947,2.87
2025-01-04,Makino-L1-Unit1-2015,Shopfloor-L1,95.884225,5.142371,5.925772,22.13,45.31,39.9405,0.3878,20.3955,17230.0,389.0,20.47002744,2.06
2025-01-04,Makino-L2-Unit1-2015,Shopfloor-L2,116.95407,4.508985,7.235525,30.22,50.31,41.6422,0.8607,22.6284,20780.0,266.0,30.96628007,1.62
2025-01-04,Makino-L1-Unit1-2015,Shopfloor-L1,72.587526,4.130626,6.310138,18.03,45.67,40.4971,0.7492,46.3622,23048.0,302.0,24.6583045,1.87
2025-01-04,Makino-L1-Unit1-2015,Shopfloor-L1,70.513874,2.867127,6.090169,24.46,42.94,37.6128,0.7063,27.7125,25828.0,340.0,21.91548228,1.88
2025-01-04,Makino-L3-Unit1-2015,Shopfloor-L3,84.678304,4.642041,6.68333,18.59,47.32,38.2408,0.6097,27.175,12951.0,380.0,20.23955298,1.68
2025-01-04,Makino-L2-Unit1-2015,Shopfloor-L2,79.083987,4.597007,5.890178,2.34,52.73,37.1182,1.5357,26.0627,13109.0,362.0,31.8301754,3.53
